{
  "startup_benchmark": {
    "measurements": [],
    "average": null,
    "min": null,
    "max": null,
    "target": 3000,
    "passed": false
  },
  "memory_benchmark": {
    "initial": 5095848,
    "peak": 12759104,
    "final": 12760808,
    "increase": 7663256,
    "target": 536870912,
    "passed": true
  },
  "cpu_benchmark": {
    "wallClockTime": 551.060489,
    "cpuTime": 343.909,
    "efficiency": 62.40857525896762,
    "result": 9227465,
    "passed": true
  },
  "io_benchmark": {
    "writeTime": 51.94783,
    "readTime": 59.640145,
    "writeSpeed": 201851742.41156945,
    "readSpeed": 175817144.64309233,
    "totalSize": 10485760,
    "iterations": 10,
    "passed": true
  }
}